,SID,SName,Count,CV_Mean,CV_Best,CV_Worst,R2_Train,MAE_Train,RMSE_Train,R2_Test_All,MAE_Test_All,RMSE_Test_All,R2_Test_NFI6,MAE_Test_NFI6,RMSE_Test_NFI6,R2_Test_NFI7,MAE_Test_NFI7,RMSE_Test_NFI7,Par0,Par1,Par2,Par3
0,10,기타침엽수,"(200, 382)",0.0,0.0,0.0,0.0,0.47219364707481065,0.49645818703506966,0.0,0.4375512933858882,0.4612419843147562,0.0,0.416063808773204,0.4313071538090371,0.0,0.4488604958136167,0.47624199208492163,-188.35847183669267,-97.38257094304579,-76.38300341948658,-109.49160038821476
1,11,소나무,"(13328, 31294)",0.1262313301853149,0.12848402882192878,0.12402860162682439,0.1262007711997314,0.09326122540293012,0.11724326095795518,0.1139306499812911,0.09303276365140045,0.11736088412976026,0.09792597426286676,0.09486880846920386,0.12064284839276093,0.11714441258848562,0.09225058156698629,0.1159345014615392,-1.5652577490881037,0.2681445381520667,0.5456290959184481,-0.10116222022992027
2,12,잣나무,"(1513, 3323)",0.11933993966572072,0.12704421847881642,0.11156184119693657,0.11895538516411064,0.0974169081550988,0.12198314452741874,0.078047175781507,0.09213091801137266,0.11707307390243245,0.004897015877780908,0.09244153664698786,0.11986837162169557,0.10976564694028179,0.09198964266806574,0.1157793931287262,-2.7864178943805644,0.07906083681647555,0.9091192387687026,-0.14637786861176152
3,13,낙엽송,"(1677, 3895)",0.12821820352979524,0.13189269582558394,0.12585264472472235,0.1279345162508111,0.09540383465995501,0.11962227158149603,0.11788140743151754,0.0912218602481663,0.11550606860225723,0.08313028844274861,0.09530564754877828,0.12310944018499895,0.13165506222933332,0.08946269033405649,0.11207191824570663,-1.042240627832079,-0.38860706374612936,0.8225749155732912,-0.24368258518967634
4,14,리기다소나무,"(2378, 5302)",0.14773624203419033,0.15458174533166447,0.1416414010677528,0.1473291766303798,0.09310781976444724,0.11655002060413122,0.15777863416335625,0.0939400830421952,0.11649762552507908,0.1586975283903319,0.09290771691554348,0.11603298366443539,0.14182022101015423,0.09440367386888032,0.11670567415470251,-2.439542802245261,0.45203705317909654,0.6869703961208647,-0.1194479893407815
5,15,곰솔,"(2104, 5280)",0.16212434508553314,0.16822617082444435,0.15589947176786767,0.16150241638227958,0.09722121731468344,0.12137502781264574,0.124566599991901,0.09860166905247347,0.12338055723130747,0.08069370868494585,0.10101450116255078,0.12496062834548548,0.129041520723858,0.09764201991778365,0.12274646642551594,-2.6143315272167476,0.3618745520502802,0.7644881471144761,-0.11250728436796824
6,16,전나무,"(75, 201)",0.02069401097301222,0.04768699795800713,0.006792722630307169,0.0,0.10664157251670174,0.1327825503299291,0.0,0.10690633660692653,0.13252349392531218,0.0,0.10879865067976661,0.13590830875286455,0.0,0.09981015883377643,0.11897586580932434,1.5872667158983498,-0.7192345437513262,-0.06899111181887364,-0.029214187708082
7,17,편백나무,"(392, 971)",0.1688102564764536,0.17716653761515022,0.15322868414804103,0.16791948941217727,0.10623301938198747,0.1312806999952549,0.16373118702177902,0.10690796120914034,0.1311241264435519,0.11460978378851683,0.09664418462930817,0.13041381799093738,0.17331527334973562,0.111034634267011,0.13140863220102303,-3.8835873030164194,0.6379525701750126,0.8718247810150564,-0.07399822814459482
8,18,삼나무,"(198, 597)",0.09588833473398124,0.10666335274887306,0.08203459959944981,0.09352448310086647,0.09418949276355709,0.11628531258025535,0.1566516726496674,0.091352722399162,0.11761404385199623,0.04757792866000121,0.11484612499103766,0.13408367255966833,0.20000979823418386,0.08352158820187013,0.11158527680327246,-0.9401128066639354,0.1815859202571847,0.34453565134231157,-0.11348203278025161
9,19,가문비나무,"(0, 2)",,,,,,,,,,,,,,,,,,,
10,20,비자나무,"(4, 3)",,,,,,,,,,,,,,,,,,,
11,21,은행나무,"(3, 34)",0.0,0.34325687987090503,0.0,0.4784834809087759,0.0815845163167883,0.09727926410351986,0.0,0.10167274784091819,0.11797406613006137,0.0,0.14689265427652268,0.15091450380178098,0.13269122407149392,0.056452841405313724,0.07113770519761246,-0.6604437734146019,-0.4607995106200239,0.950016074342236,-0.4819915464632151
12,30,기타활엽수,"(6773, 14383)",0.04072523190265707,0.04249962333884416,0.039662225851123445,0.04067757051168275,0.1063933249722476,0.13141782415042233,0.05319699732521965,0.10502760003013428,0.12918224779031542,0.044420748951732425,0.107899893756027,0.132534352077726,0.05385519109771342,0.10367534491717925,0.12757361020136498,-0.6750885253828034,-0.0907046407850254,0.3914097519128675,-0.1198959753940993
13,31,상수리나무,"(2037, 4602)",0.11853882828582638,0.1239575445970672,0.11161811630719509,0.11836162982644882,0.09897805214675134,0.12347376416379383,0.11348224590218936,0.10370392912925079,0.12973125137697314,0.07804019362783021,0.10366621064606502,0.13069764429447278,0.1283473743053577,0.10372065645657667,0.12930036529375497,-0.3242819909233161,-0.44373091068868026,0.6224583011238771,-0.2436424236723557
14,32,신갈나무,"(6753, 16935)",0.08431374431401077,0.08641577360086428,0.08180258070188717,0.08421894633203708,0.1056865149505951,0.1304239277905437,0.08319137116200448,0.10717218221929897,0.13240691257663656,0.08767816501866466,0.10743309662902444,0.1332870031831643,0.0784604911175083,0.10706821691436114,0.13205459290214794,-0.6420315500821028,0.2712803281645434,0.19332234466493106,-0.08489250815956663
15,33,굴참나무,"(5210, 13133)",0.1350894762982455,0.136593692866812,0.13205208981211958,0.1349759031010629,0.09793717416725609,0.12173002901737823,0.1525923883566328,0.09621099926074805,0.11990420505398293,0.14910655787186045,0.09759195746658003,0.12221000557625214,0.15094673707665085,0.09566303336186117,0.11897687731084229,-1.3322634050329882,-0.022827487507319565,0.680054865077597,-0.20300898218775307
16,34,기타참나무류,"(3523, 8426)",0.08585008341319351,0.08876584154588707,0.08382640345270853,0.08564555473671553,0.10196441223728928,0.12639048088567012,0.10534854522605319,0.09963669466385874,0.12337950122181277,0.08300020685564258,0.10333773458007607,0.1281149416903648,0.11299755524520783,0.0980913019586292,0.12134750938884654,-1.314784454513097,0.1381218515870744,0.4456902689068438,-0.12214054078561012
17,35,오리나무,"(558, 1224)",0.05956613513839515,0.06867032605365797,0.04847148318413341,0.057074927240518214,0.10178487514354839,0.126725790750755,0.07444750222643359,0.10199595618065596,0.13294683434514803,0.11752132593326836,0.09770521034622279,0.1274582172460273,0.055607571010477086,0.10396547885875641,0.13539171390452384,-0.10991636850750994,-0.18895547716289024,0.34769564816329845,-0.15945045998185114
18,36,고로쇠나무,"(537, 1179)",0.0,0.05979399142377051,0.0,0.05499611542143046,0.1051919262741373,0.13001636612111422,0.030642920151892628,0.10023419291630768,0.12188945836822833,0.0,0.11227072380316382,0.13471590201146008,0.049353755961633494,0.0947259499680854,0.11554581895443773,0.091648047340244,-0.21753957099111235,0.2511182387617733,-0.1368571611396492
19,37,자작나무,"(151, 319)",0.02939772607969311,0.039237643938672795,0.01781672866222128,0.01917876060261592,0.10549905720875825,0.12896561720002148,0.0,0.11531411537924516,0.13777806463393935,0.0,0.1210290115741405,0.1434849970170247,0.005899854659711434,0.08834694895958281,0.1068105657427003,-0.30529383651264014,-0.582373163878129,0.641141906384744,-0.2358533834777276
20,38,박달나무,"(577, 1328)",0.06660743620316864,0.07818452820311728,0.05632707872497367,0.06544346884706231,0.10303087383787976,0.12731378448279554,0.05303499009973278,0.09930115851904527,0.12271457309239395,0.031103040594225306,0.10364971951686357,0.12639680223833233,0.05239267002315895,0.09740479357262824,0.1210737269350383,0.15107957469204028,-0.09923568007389923,0.17912911179980825,-0.1122861697189261
21,39,밤나무,"(1913, 4005)",0.0,0.0,0.0,0.0,0.47906210238255226,0.49732406063267937,0.0,0.47234060644485465,0.4906608062316448,0.0,0.467182990930052,0.4839312134711829,0.0,0.4748033678531729,0.4938418388568159,-190.39633383962152,-89.30944260015734,-73.09111029036944,-116.78987010320452
22,40,물푸레나무,"(988, 2169)",0.032128189607862276,0.035388591388241575,0.02666120183039533,0.03133614492793435,0.1045070749011044,0.12979278332843275,0.0299153900890754,0.10296918297170739,0.1273604397246716,0.0,0.10852932305363326,0.13272185412297707,0.04798824027796211,0.10043252920161218,0.12483798573631637,-0.4409472010714384,0.15179304119683754,0.1278672145669868,-0.05534077229460908
23,41,서어나무,"(653, 1652)",0.0,0.11421060977763453,0.0,0.10866446159329568,0.10035379746571087,0.12414957868986726,0.05712670116790963,0.10403937187943348,0.12828740246102543,0.0,0.1090327706441919,0.13178795602596316,0.10319813634924246,0.10207227539634682,0.12688188272342493,0.39939865935708324,0.038566746920989936,0.009325501220680009,-0.10606881492336957
24,42,때죽나무,"(667, 1531)",0.053266582015574326,0.05603702486097639,0.04596119518402575,0.05220964002528583,0.10316995798965364,0.12807419091387232,0.08789559731045948,0.10348255030180156,0.1282286467748337,0.029491094680043406,0.09875303664239297,0.12425414167829991,0.10920401032397531,0.10555364451866676,0.1299308449115575,-0.3639958300679603,-0.04329276622459535,0.3155067153227634,-0.1535549159478257
25,43,호두나무,"(257, 476)",0.03670002594752468,0.04918103405677632,0.023999236575014016,0.033003946065175316,0.10827094511079226,0.1323037728892861,0.0,0.11915671538963632,0.1396751459036294,0.0,0.12484016120476776,0.14766336938168267,0.0,0.11607818223977351,0.1351511958319643,-0.5814420330075463,-0.1958665870505399,0.43495223736836575,-0.1191928027096193
26,44,백합나무,"(48, 173)",0.0,0.0,0.0,0.0,0.4857155643234188,0.5081903204031198,0.0,0.3686692607620405,0.39145367313960894,0.0,0.326171882238872,0.3417886852437861,0.0,0.4886618589451043,0.5060226876237586,-210.23799440632504,-87.91445911550994,-70.32828283487544,-128.9241921071532
27,45,포플러,"(123, 219)",0.13606493459158325,0.1454255012166582,0.12738683309231347,0.12731568183280184,0.09652648960338021,0.11685802437833825,0.1754555649926769,0.0840043207781466,0.10868006700922019,0.19762928714179928,0.08086253502492513,0.10630582693954484,0.014542074641341274,0.10156975930752112,0.12109960447043158,-0.805349877008674,-0.3525545650975891,0.7178870055564917,-0.23523803881056066
28,46,벚나무,"(1216, 2495)",0.0,0.0,0.0,0.0,0.4874065954521165,0.5059369892791221,0.0,0.4798756690204737,0.4977723594534881,0.0,0.4815960018505319,0.5002712491316773,0.0,0.47903614659940524,0.4965483354220583,-219.8387283325908,-97.3168665455479,-77.50114463508913,-124.26121201647877
29,47,느티나무,"(200, 399)",0.0,0.0,0.0,0.0,0.4934513042145814,0.511929298070077,0.0,0.48244609251765025,0.49931608418919954,0.0,0.4962389276919857,0.5146269892820607,0.0,0.4755496749304825,0.49148179909971706,-192.6354700956323,-94.02419959279149,-73.3687617522528,-112.80970613324325
30,48,층층나무,"(659, 1476)",0.0313231707327428,0.03777254555248477,0.027935339869715747,0.03059034256364579,0.10299813869431486,0.12775131509705226,0.04139539044049545,0.09701967576622932,0.12371943185038145,0.03346641490980273,0.10669918039515357,0.13782585269125208,0.02049851633369293,0.0927031399181955,0.11688111304131385,-0.5903877063539661,-0.18660772235261322,0.4535692811113668,-0.11812414315793962
31,49,아까시나무,"(1697, 3433)",0.032934492210285285,0.034442867189982684,0.032201110502058206,0.03261646569322363,0.10061797536333687,0.12534339153009735,0.029196409606515927,0.09897837045773787,0.12510990575355477,0.04134611536726507,0.09563406344859628,0.11990449532057716,0.013285494995259328,0.10063589871299755,0.1276111720193857,0.6584647639394362,-0.6048913191656888,0.41038369283807075,-0.20467574704709393
32,61,가시나무,"(88, 160)",0.0,0.0,0.0,0.0,0.47768567667289236,0.5009822908323592,0.0,0.45751878483177655,0.48197965273286014,0.0,0.4577136927922357,0.4827065504653249,0.0,0.45644679104925123,0.47796195504814193,-186.97240373713862,-94.43938008500999,-74.54680712862877,-111.54338871628096
33,62,구실잣밤나무,"(14, 55)",0.0,0.0,0.0,0.0,0.4685822190138798,0.48826312300633834,0.0,0.5054881332591361,0.5326185141301413,0.0,0.5250392176894478,0.546433162889772,0.0,0.45986893625507524,0.4988989227629028,-262.80246042471873,-146.81178053147312,-81.56283763784623,-79.66033023900192
34,64,굴거리나무,"(25, 38)",0.0,0.0,0.0,0.0,0.4744209523013327,0.4945050936136236,0.0,0.5345547289790145,0.5581896781044927,0.0,0.525353817002014,0.5474167125766938,0.0,0.5920604288352678,0.6213029364413659,-189.4667358789813,-88.18818076401347,-71.40276530356878,-119.64067567408962
35,65,황칠나무,"(3, 6)",,,,,,,,,,,,,,,,,,,
36,66,사스레피나무,"(47, 83)",0.0,0.0,0.0,0.0,0.48417356363181635,0.502248343499785,0.0,0.47101944794435924,0.4847024472466636,0.0,0.47358061881189806,0.48875712536837346,0.0,0.4559725690975691,0.46016024831804936,-193.36236734601408,-99.73739295795913,-74.74902559502378,-103.55575578656878
37,67,후박나무,"(5, 19)",,,,,,,,,,,,,,,,,,,
38,68,새덕이,"(52, 85)",0.0,0.11750482709579058,0.0,0.07829866291454113,0.09602405467562605,0.11861647935731814,0.0,0.11098366641254494,0.13452574914676738,0.0,0.11978243796388446,0.1415821436045707,0.0,0.05379165132883811,0.07370927252671869,-3.103867888876186,0.6761992981927818,0.6079204474500592,-0.0662186003590994
