,SID,SName,Count,CV_Mean,CV_Best,CV_Worst,R2_Train,MAE_Train,RMSE_Train,R2_Test_All,MAE_Test_All,RMSE_Test_All,R2_Test_NFI6,MAE_Test_NFI6,RMSE_Test_NFI6,R2_Test_NFI7,MAE_Test_NFI7,RMSE_Test_NFI7,Par0,Par1,Par2,Par3,Par4,Par5,Par6,Par7,Par8,Par9,Par10
0,10,기타침엽수,"(200, 382)",0.043070151,0.053470179,0.036446329,0.040382798,0.124625011,0.149757188,0.116850242,0.120207304,0.143531959,0.05075853,0.114609929,0.136761344,0.120134244,0.123153291,0.146970212,-0.279191733,0.162790939,-0.100146257,0.05315876,0.187071935,-0.001811976,0.001159764,-0.222184405,-0.135109477,0.009414668,-0.040159693
1,11,소나무,"(13328, 31294)",0.124864039,0.126858476,0.122882597,0.124881606,0.093282303,0.117259193,0.135370842,0.092731778,0.116588734,0.129951027,0.092086387,0.115798095,0.132987124,0.093006724,0.116923934,-1.450981674,0.175715844,0.553908839,-0.11318816,0.028341653,0.00672285,-0.00049338,0.085710441,-0.043223116,-0.005559322,-0.013886338
2,12,잣나무,"(1513, 3323)",0.113541086,0.116356566,0.111599918,0.113524809,0.097462311,0.12159346,0.076550781,0.098926964,0.124566185,0.08049144,0.104182212,0.12822109,0.072381343,0.096536776,0.1228679,-1.24493386,-0.303536527,0.76453172,-0.170975807,-0.104809579,-0.01123726,0.000718326,-0.307825818,0.198378327,0.007410678,0.007641349
3,13,낙엽송,"(1677, 3895)",0.129407824,0.134092602,0.122401209,0.128713991,0.094980031,0.119169415,0.129361513,0.094821677,0.118417639,0.042806548,0.09844882,0.122672851,0.145928108,0.093259215,0.116536753,-0.540522934,-0.390524923,0.634882249,-0.218404109,0.076584238,0.013456568,-0.001956229,0.169828888,-0.052153211,0.000213395,0.038636973
4,14,리기다소나무,"(2378, 5302)",0.146175643,0.148667051,0.142822045,0.145966848,0.09416898,0.117396851,0.150525207,0.087092982,0.110082331,0.149817761,0.086546587,0.109869366,0.146739786,0.087338344,0.11017783,-1.256394443,-0.088625149,0.699832165,-0.193591669,0.064738007,0.012192469,0.000228446,0.003743421,-0.018079722,-0.006966943,-0.046706644
5,15,곰솔,"(2104, 5280)",0.15684891,0.160456324,0.153890124,0.156080302,0.09778157,0.121810713,0.165990572,0.096061949,0.120124141,0.078259047,0.09370018,0.117373415,0.19125924,0.097001288,0.121200829,-1.613240288,-0.017151432,0.686424416,-0.147599693,0.060389364,0.00845322,-0.001064136,0.084695061,0.145364615,0.023407616,-0.009193114
6,16,전나무,"(75, 201)",0.141991181,0.173533849,0.11409316,0.131283824,0.100601303,0.124431083,0.114290691,0.096539283,0.120824772,0.130074086,0.100625108,0.123703974,0,0.081217441,0.109354686,-0.070622743,-0.085206847,-0.069974971,0.000865856,-0.089249012,0.139920743,-0.006268033,-0.111590909,-0.124530266,0.12232326,0.031274439
7,17,편백나무,"(392, 971)",0.140228481,0.15661315,0.133912517,0.139115647,0.107411709,0.133586704,0.091707356,0.112782673,0.136315097,0,0.111300759,0.139021982,0.138074161,0.113378495,0.135211488,-0.966017796,-0.34750797,0.640279156,-0.165591911,0.063511733,-0.10175101,0.014709781,0.154314196,0.329186919,0.02503725,-0.029743715
8,18,삼나무,"(198, 597)",0.165145387,0.173122965,0.157360326,0.162426228,0.090988141,0.11338562,0.22511822,0.085067432,0.099313428,0.151559318,0.082609786,0.098452421,0.213476429,0.085886648,0.099598776,-0.086127839,0.070120797,0.120664683,-0.10300975,0.259130821,0.014002212,-0.000238617,-0.272243318,-0.208514348,0.166367533,0.075268502
9,19,가문비나무,0,0,0,0,0,0,0,0,0,0,0,0,0,0,0,0,0,0,0,0,0,0,0,0,0,0,0
10,20,비자나무,0,0,0,0,0,0,0,0,0,0,0,0,0,0,0,0,0,0,0,0,0,0,0,0,0,0,0
11,21,은행나무,"(3, 34)",0.617393297,0.699496125,0.481730019,0.575860129,0.063493477,0.078318037,0,0.137475296,0.144675854,0,0.175756899,0.178349174,0.648300418,0.099193693,0.100268528,0.052635516,0.148754491,0.118682511,-0.090952026,0.028592691,0.034074562,-0.074311043,0.017544726,-0.002364378,0.050565301,0.005654346
12,30,기타활엽수,"(6773, 14383)",0.046812803,0.048841226,0.044778056,0.046612414,0.105931474,0.130838766,0.068824583,0.105518153,0.129643669,0.088329337,0.111965966,0.135498164,0.05796847,0.10248257,0.126793859,-0.722021713,-0.123232433,0.364955159,-0.122175146,0.072361154,0.027774667,-0.001794705,0.246642525,-0.163364978,-0.018561963,0.013352383
13,31,상수리나무,"(2037, 4602)",0.128419802,0.132047276,0.12464737,0.127972774,0.098836624,0.12296891,0.110685289,0.102326242,0.128564208,0.119164686,0.097698656,0.124924983,0.105558389,0.104378475,0.130145558,-0.351953926,-0.325274838,0.490107185,-0.213278705,0.062505572,0.037837235,-0.003651936,0.154545398,-0.029961255,0.033671178,-0.007652552
14,32,신갈나무,"(6753, 16935)",0.099138305,0.101815131,0.094355804,0.098916382,0.105107622,0.129689582,0.085131791,0.103751372,0.129390538,0.10200932,0.10800511,0.135677577,0.074704297,0.102056405,0.126798548,-0.574673557,0.07625804,0.257400625,-0.124303797,-0.012006486,0.054558136,-0.003171659,0.133607333,-0.053414842,5.99E-05,-0.010413388
15,33,굴참나무,"(5210, 13133)",0.158480953,0.160877552,0.156285888,0.158348631,0.096967349,0.1205885,0.130433318,0.094057322,0.116631456,0.08574013,0.094513027,0.118677847,0.143547335,0.093876498,0.115809425,-1.103795697,-0.160618811,0.675359682,-0.223285844,-0.016577276,0.058376919,-0.002963762,-0.15805236,0.199109415,0.029656872,-0.040756749
16,34,기타참나무류,"(3523, 8426)",0.106445722,0.112483174,0.103420391,0.106071669,0.100527557,0.124906624,0.107006222,0.101004027,0.123862664,0.110597531,0.099046988,0.12202345,0.105515323,0.101821202,0.124622607,-0.886427943,-0.021789637,0.379894646,-0.147713047,0.088606575,0.046865246,-0.001669469,0.042162352,-0.024623835,-0.010199189,0.00884344
17,35,오리나무,"(558, 1224)",0.083373808,0.095163684,0.066101409,0.079036177,0.100435893,0.125359941,0.004272023,0.108063439,0.135838503,0.020918317,0.106607494,0.138360928,0,0.108731742,0.134664849,-0.147416235,-0.082412283,0.25484357,-0.143177319,0.026893114,0.030205232,-0.000657677,-0.003561639,0.080329809,0.026190633,-0.006604147
18,36,고로쇠나무,"(537, 1179)",0.069325068,0.074569369,0.059677334,0.066243929,0.103221021,0.127828182,0.067589799,0.105254025,0.130705063,0.013620698,0.104586692,0.135932406,0.050322478,0.105559414,0.128241843,-0.126964196,-0.07472024,0.102237768,-0.100517716,0.098385004,0.068901599,-0.004081841,0.012760285,0.073885456,0.037125712,-0.028096466
19,37,자작나무,"(151, 319)",0.035673767,0.043259946,0.026465565,0.032020442,0.102615309,0.125028422,0,0.123636453,0.146249746,0,0.125100196,0.148203091,0,0.116729417,0.136656192,-0.064979572,-0.095026084,0.185677207,-0.070471044,-0.234256374,-0.010465024,0.001357808,0.055477493,-0.026820757,-0.053434307,0.039106188
20,38,박달나무,"(577, 1328)",0.071827048,0.085481149,0.055661498,0.069557793,0.101793319,0.12583466,0.065967379,0.107240996,0.132612703,0.053348124,0.117032815,0.144776721,0.059732656,0.102970879,0.126943636,-0.073342272,0.040463998,0.123365417,-0.089706882,0.025595547,0.026922073,-0.002324726,0.039472634,-0.089343195,-0.006461156,0.047849609
21,39,밤나무,"(1913, 4005)",0.077190646,0.082383693,0.073815251,0.077187235,0.103138212,0.127989957,0.057366538,0.101890599,0.131675397,0.137415665,0.098005766,0.123836811,0.016243032,0.103745606,0.135258172,-0.529530514,-0.476681232,0.537532511,-0.185672937,0.094986648,0.003463136,-0.000522647,0.371852149,-0.205841328,-0.002671258,-0.010272083
22,40,물푸레나무,"(988, 2169)",0.041343279,0.042552316,0.039936317,0.040008912,0.103309209,0.128592729,0.019701757,0.109496876,0.133962688,0.048952581,0.107471835,0.133607138,0.004074614,0.110420742,0.134124584,-0.132931455,0.071436892,0.063909451,-0.066438257,0.004093464,0.029349225,-0.001400597,0.108503295,-0.115066033,0.006473775,-0.031470704
23,41,서어나무,"(653, 1652)",0.110877431,0.115323129,0.103038973,0.10925869,0.10029365,0.12352201,0.138224205,0.102008798,0.127694977,0.210839367,0.110018742,0.131837356,0.102625611,0.098853366,0.126025752,0.1087807,0.105783965,-0.013088673,-0.093799661,0.012451566,0.043046249,-0.001938155,0.082504339,-0.067299239,-0.006876446,-0.063248605
24,42,때죽나무,"(667, 1531)",0.060766485,0.072236919,0.05239514,0.058257958,0.103101522,0.127549309,0.034281872,0.103042699,0.132445827,0.049229697,0.096245758,0.12205515,0.018680551,0.106019137,0.136747646,-0.069907643,0.005510196,0.177916808,-0.151759188,-0.012557285,0.031010168,-0.002105128,0.046150969,-0.070442342,0.009004604,0.036337036
25,43,호두나무,"(257, 476)",0.054419718,0.06135517,0.043154875,0.049763057,0.106544937,0.129446077,0,0.12488282,0.149677454,0,0.135054706,0.164560879,0,0.119373048,0.140960975,-0.167150147,-0.100639384,0.12916963,-0.073926023,0.125921261,0.038562429,-0.00101527,0.044459748,0.05965338,-0.013571018,0.117654764
26,44,백합나무,"(48, 173)",0.173458996,0.207727709,0.153792042,0.169986552,0.10740376,0.134589013,0,0.135338374,0.152933756,0,0.138130272,0.15551636,0,0.127455367,0.145394283,-0.039825086,-0.27141364,0.063790844,-0.072101549,0.365449766,0.150930115,-0.022888274,0.163964841,0.183332888,0.02031475,-0.083980563
27,45,포플러,"(123, 219)",0.141634577,0.160625295,0.123558717,0.133981355,0.097687099,0.118878219,0.061023449,0.08702651,0.112385742,0.051070257,0.089879189,0.115607648,0.037246238,0.071077441,0.092323468,0.027002692,0.01539176,0.195403981,-0.110446096,0.055568218,-0.018228712,-8.75E-05,0.014650803,0.063722941,-0.131956523,0.099352532
28,46,벚나무,"(1216, 2495)",0.051189374,0.057768013,0.046343767,0.050228271,0.107962138,0.132202663,0.040334016,0.103487567,0.129909261,0.0475474,0.105143659,0.132624277,0.020210345,0.102679395,0.128563518,-0.309670996,0.03685823,0.086416352,-0.079238336,0.117127625,0.045438985,-0.003172481,0.025864036,0.073664718,0.041616982,0.043123836
29,47,느티나무,"(200, 399)",0.150490049,0.159955216,0.144422285,0.147804739,0.102509817,0.125316223,0.154893141,0.099806002,0.121955944,0.346328454,0.102209433,0.126269498,0,0.098604286,0.119740909,0.067066038,0.028819072,-0.018924791,-0.105505011,0.28756186,0.050943313,-0.00358261,0.065707832,0.038229205,-0.087246431,-0.054851737
30,48,층층나무,"(659, 1476)",0.035735134,0.039757093,0.030483315,0.033791775,0.101724004,0.126587909,0.049879092,0.107192146,0.131492342,0,0.106012112,0.135559436,0.075983651,0.107718378,0.129637507,-0.191675852,-0.234140959,0.315164996,-0.103617302,0.073050439,-0.011455955,0.00159764,0.067546369,0.070666056,-0.000140168,0.021666972
31,49,아까시나무,"(1697, 3433)",0.048561984,0.05134764,0.041818782,0.047693339,0.09963986,0.124479107,0.059998289,0.099583696,0.122037869,0.079181603,0.102444148,0.125806929,0.049230735,0.09816598,0.120125999,0.021097456,-0.296066083,0.270159967,-0.142297466,0.300769177,0.018295675,-0.002955643,0.130979103,-0.015760993,0.006060109,-0.050524667
32,61,가시나무,"(88, 160)",0.209437445,0.258625784,0.179324883,0.200773868,0.110350038,0.134588572,0.051159859,0.121650652,0.148609844,0,0.125677507,0.153396224,0.349394668,0.09950295,0.118888815,-0.057234128,0.043346624,0.168470576,-0.12074442,-0.128590047,-0.198938679,0.025650081,-0.038449997,-0.027215804,0.079854302,-0.179666822
33,62,구실잣밤나무,"(14, 55)",0.295587702,0.36723208,0.193519158,0.265434926,0.093334614,0.120772488,0.272263212,0.117453693,0.138826974,0.116675068,0.119648224,0.142297141,0.313630798,0.11233312,0.130371205,0.058001117,0.087698426,0.101501506,-0.152012804,-0.017812116,0.062499169,-0.003196527,0.092582866,0.093279219,-0.128339148,0.057206972
34,64,굴거리나무,"(25, 38)",0.113075088,0.221426031,0.055819167,0.015771088,0.128827853,0.148195594,0,0.136644382,0.156724353,0,0.141245997,0.161106183,0.172978955,0.107884288,0.125929657,0.02369267,0.04331556,-0.025447608,-0.078929276,0.023272633,-0.090750109,0.013034402,0.071501318,0.038263549,-0.037059388,-0.147536767
35,65,황칠나무,0,0,0,0,0,0,0,0,0,0,0,0,0,0,0,0,0,0,0,0,0,0,0,0,0,0,0
36,66,사스레피나무,"(47, 83)",0.160773594,0.19363984,0.134564363,0.130989708,0.090576805,0.121916137,0,0.102934464,0.129892873,0,0.099331973,0.125568782,0,0.124099095,0.152846049,-0.010865707,-0.019864553,0.026640506,-0.077773592,-0.146903396,0.086080214,-0.001173286,0.009501665,-0.004334189,0.126279707,0.041125232
37,67,후박나무,0,0,0,0,0,0,0,0,0,0,0,0,0,0,0,0,0,0,0,0,0,0,0,0,0,0,0
38,68,새덕이,"(52, 85)",0.166188823,0.223024686,0.132993408,0.146531173,0.089948792,0.111263505,0,0.115735307,0.13534093,0.006414355,0.119185475,0.138762196,0,0.093309214,0.110551342,-5.21E-05,0.068834261,0.036565293,-0.106889065,0.082238375,-0.018095261,0.006194287,-0.059416462,-0.034351554,-0.019389322,-0.017052334
